"SKU","Product Name","Category","Material","Finish","Application","MOQ","Price","Local Image Path","WooCommerce Image Note"
"ABS-ACC-001","Bag Accessories 01","Accessories","Zinc alloy / brass / mixed material","Plated, polished or custom finish","Handbags, fashion bags, straps and small leather goods","300 pcs","Request Quote","assets/catalog/Accessories/Accessories (1).jpg","Upload image to WordPress media library before final import"
"ABS-ACC-002","Bag Accessories 02","Accessories","Zinc alloy / brass / mixed material","Plated, polished or custom finish","Handbags, fashion bags, straps and small leather goods","300 pcs","Request Quote","assets/catalog/Accessories/Accessories (2).jpg","Upload image to WordPress media library before final import"
"ABS-ACC-003","Bag Accessories 03","Accessories","Zinc alloy / brass / mixed material","Plated, polished or custom finish","Handbags, fashion bags, straps and small leather goods","300 pcs","Request Quote","assets/catalog/Accessories/Accessories (3).jpg","Upload image to WordPress media library before final import"
"ABS-ACC-004","Bag Accessories 04","Accessories","Zinc alloy / brass / mixed material","Plated, polished or custom finish","Handbags, fashion bags, straps and small leather goods","300 pcs","Request Quote","assets/catalog/Accessories/Accessories (4).jpg","Upload image to WordPress media library before final import"
"ABS-ACC-005","Bag Accessories 05","Accessories","Zinc alloy / brass / mixed material","Plated, polished or custom finish","Handbags, fashion bags, straps and small leather goods","300 pcs","Request Quote","assets/catalog/Accessories/Accessories (5).jpg","Upload image to WordPress media library before final import"
"ABS-ACC-006","Bag Accessories 06","Accessories","Zinc alloy / brass / mixed material","Plated, polished or custom finish","Handbags, fashion bags, straps and small leather goods","300 pcs","Request Quote","assets/catalog/Accessories/Accessories (6).jpg","Upload image to WordPress media library before final import"
"ABS-ACC-007","Bag Accessories 07","Accessories","Zinc alloy / brass / mixed material","Plated, polished or custom finish","Handbags, fashion bags, straps and small leather goods","300 pcs","Request Quote","assets/catalog/Accessories/Accessories (7).jpg","Upload image to WordPress media library before final import"
"ABS-ACC-008","Bag Accessories 08","Accessories","Zinc alloy / brass / mixed material","Plated, polished or custom finish","Handbags, fashion bags, straps and small leather goods","300 pcs","Request Quote","assets/catalog/Accessories/Accessories (8).jpg","Upload image to WordPress media library before final import"
"ABS-ACC-009","Bag Accessories 09","Accessories","Zinc alloy / brass / mixed material","Plated, polished or custom finish","Handbags, fashion bags, straps and small leather goods","300 pcs","Request Quote","assets/catalog/Accessories/Accessories (9).jpg","Upload image to WordPress media library before final import"
"ABS-ACC-010","Bag Accessories 10","Accessories","Zinc alloy / brass / mixed material","Plated, polished or custom finish","Handbags, fashion bags, straps and small leather goods","300 pcs","Request Quote","assets/catalog/Accessories/Accessories (10).jpg","Upload image to WordPress media library before final import"
"ABS-ACC-011","Bag Accessories 11","Accessories","Zinc alloy / brass / mixed material","Plated, polished or custom finish","Handbags, fashion bags, straps and small leather goods","300 pcs","Request Quote","assets/catalog/Accessories/Accessories (11).jpg","Upload image to WordPress media library before final import"
"ABS-ACC-012","Bag Accessories 12","Accessories","Zinc alloy / brass / mixed material","Plated, polished or custom finish","Handbags, fashion bags, straps and small leather goods","300 pcs","Request Quote","assets/catalog/Accessories/Accessories (12).jpg","Upload image to WordPress media library before final import"
"ABS-ACC-013","Bag Accessories 13","Accessories","Zinc alloy / brass / mixed material","Plated, polished or custom finish","Handbags, fashion bags, straps and small leather goods","300 pcs","Request Quote","assets/catalog/Accessories/Accessories (13).jpg","Upload image to WordPress media library before final import"
"ABS-ACC-014","Bag Accessories 14","Accessories","Zinc alloy / brass / mixed material","Plated, polished or custom finish","Handbags, fashion bags, straps and small leather goods","300 pcs","Request Quote","assets/catalog/Accessories/Accessories (14).jpg","Upload image to WordPress media library before final import"
"ABS-ACC-015","Bag Accessories 15","Accessories","Zinc alloy / brass / mixed material","Plated, polished or custom finish","Handbags, fashion bags, straps and small leather goods","300 pcs","Request Quote","assets/catalog/Accessories/Accessories (15).jpg","Upload image to WordPress media library before final import"
"ABS-ACC-016","Bag Accessories 16","Accessories","Zinc alloy / brass / mixed material","Plated, polished or custom finish","Handbags, fashion bags, straps and small leather goods","300 pcs","Request Quote","assets/catalog/Accessories/Accessories (16).jpg","Upload image to WordPress media library before final import"
"ABS-ACC-017","Bag Accessories 17","Accessories","Zinc alloy / brass / mixed material","Plated, polished or custom finish","Handbags, fashion bags, straps and small leather goods","300 pcs","Request Quote","assets/catalog/Accessories/Accessories (17).jpg","Upload image to WordPress media library before final import"
"ABS-ACC-018","Bag Accessories 18","Accessories","Zinc alloy / brass / mixed material","Plated, polished or custom finish","Handbags, fashion bags, straps and small leather goods","300 pcs","Request Quote","assets/catalog/Accessories/Accessories (18).jpg","Upload image to WordPress media library before final import"
"ABS-ACC-019","Bag Accessories 19","Accessories","Zinc alloy / brass / mixed material","Plated, polished or custom finish","Handbags, fashion bags, straps and small leather goods","300 pcs","Request Quote","assets/catalog/Accessories/Accessories (19).jpg","Upload image to WordPress media library before final import"
"ABS-ACC-020","Bag Accessories 20","Accessories","Zinc alloy / brass / mixed material","Plated, polished or custom finish","Handbags, fashion bags, straps and small leather goods","300 pcs","Request Quote","assets/catalog/Accessories/Accessories (20).jpg","Upload image to WordPress media library before final import"
"ABS-BAG-001","Finished Bags 01","Bag","Leather / PU / fabric options","Custom material and hardware matching","Retail bags, sample development and brand projects","100 pcs","Request Quote","assets/catalog/Bag/Bag (1).jpg","Upload image to WordPress media library before final import"
"ABS-BAG-002","Finished Bags 02","Bag","Leather / PU / fabric options","Custom material and hardware matching","Retail bags, sample development and brand projects","100 pcs","Request Quote","assets/catalog/Bag/Bag (2).jpg","Upload image to WordPress media library before final import"
"ABS-BAG-003","Finished Bags 03","Bag","Leather / PU / fabric options","Custom material and hardware matching","Retail bags, sample development and brand projects","100 pcs","Request Quote","assets/catalog/Bag/Bag (3).jpg","Upload image to WordPress media library before final import"
"ABS-BAG-004","Finished Bags 04","Bag","Leather / PU / fabric options","Custom material and hardware matching","Retail bags, sample development and brand projects","100 pcs","Request Quote","assets/catalog/Bag/Bag (4).jpg","Upload image to WordPress media library before final import"
"ABS-BAG-005","Finished Bags 05","Bag","Leather / PU / fabric options","Custom material and hardware matching","Retail bags, sample development and brand projects","100 pcs","Request Quote","assets/catalog/Bag/Bag (5).jpg","Upload image to WordPress media library before final import"
"ABS-BAG-006","Finished Bags 06","Bag","Leather / PU / fabric options","Custom material and hardware matching","Retail bags, sample development and brand projects","100 pcs","Request Quote","assets/catalog/Bag/Bag (6).jpg","Upload image to WordPress media library before final import"
"ABS-BAG-007","Finished Bags 07","Bag","Leather / PU / fabric options","Custom material and hardware matching","Retail bags, sample development and brand projects","100 pcs","Request Quote","assets/catalog/Bag/Bag (7).jpg","Upload image to WordPress media library before final import"
"ABS-BAG-008","Finished Bags 08","Bag","Leather / PU / fabric options","Custom material and hardware matching","Retail bags, sample development and brand projects","100 pcs","Request Quote","assets/catalog/Bag/Bag (8).jpg","Upload image to WordPress media library before final import"
"ABS-BAG-009","Finished Bags 09","Bag","Leather / PU / fabric options","Custom material and hardware matching","Retail bags, sample development and brand projects","100 pcs","Request Quote","assets/catalog/Bag/Bag (9).jpg","Upload image to WordPress media library before final import"
"ABS-BAG-010","Finished Bags 10","Bag","Leather / PU / fabric options","Custom material and hardware matching","Retail bags, sample development and brand projects","100 pcs","Request Quote","assets/catalog/Bag/Bag (10).jpg","Upload image to WordPress media library before final import"
"ABS-BAG-011","Finished Bags 11","Bag","Leather / PU / fabric options","Custom material and hardware matching","Retail bags, sample development and brand projects","100 pcs","Request Quote","assets/catalog/Bag/Bag (11).jpg","Upload image to WordPress media library before final import"
"ABS-BAG-012","Finished Bags 12","Bag","Leather / PU / fabric options","Custom material and hardware matching","Retail bags, sample development and brand projects","100 pcs","Request Quote","assets/catalog/Bag/Bag (12).jpg","Upload image to WordPress media library before final import"
"ABS-BAG-013","Finished Bags 13","Bag","Leather / PU / fabric options","Custom material and hardware matching","Retail bags, sample development and brand projects","100 pcs","Request Quote","assets/catalog/Bag/Bag (13).jpg","Upload image to WordPress media library before final import"
"ABS-BAG-014","Finished Bags 14","Bag","Leather / PU / fabric options","Custom material and hardware matching","Retail bags, sample development and brand projects","100 pcs","Request Quote","assets/catalog/Bag/Bag (14).jpg","Upload image to WordPress media library before final import"
"ABS-BAG-015","Finished Bags 15","Bag","Leather / PU / fabric options","Custom material and hardware matching","Retail bags, sample development and brand projects","100 pcs","Request Quote","assets/catalog/Bag/Bag (15).jpg","Upload image to WordPress media library before final import"
"ABS-BAG-016","Finished Bags 16","Bag","Leather / PU / fabric options","Custom material and hardware matching","Retail bags, sample development and brand projects","100 pcs","Request Quote","assets/catalog/Bag/Bag (16).jpg","Upload image to WordPress media library before final import"
"ABS-BAG-017","Finished Bags 17","Bag","Leather / PU / fabric options","Custom material and hardware matching","Retail bags, sample development and brand projects","100 pcs","Request Quote","assets/catalog/Bag/Bag (17).jpg","Upload image to WordPress media library before final import"
"ABS-BAG-018","Finished Bags 18","Bag","Leather / PU / fabric options","Custom material and hardware matching","Retail bags, sample development and brand projects","100 pcs","Request Quote","assets/catalog/Bag/Bag (18).jpg","Upload image to WordPress media library before final import"
"ABS-BAG-019","Finished Bags 19","Bag","Leather / PU / fabric options","Custom material and hardware matching","Retail bags, sample development and brand projects","100 pcs","Request Quote","assets/catalog/Bag/Bag (19).jpg","Upload image to WordPress media library before final import"
"ABS-BAG-020","Finished Bags 20","Bag","Leather / PU / fabric options","Custom material and hardware matching","Retail bags, sample development and brand projects","100 pcs","Request Quote","assets/catalog/Bag/Bag (20).jpg","Upload image to WordPress media library before final import"
"ABS-BAG-021","Finished Bags 21","Bag","Leather / PU / fabric options","Custom material and hardware matching","Retail bags, sample development and brand projects","100 pcs","Request Quote","assets/catalog/Bag/Bag (21).jpg","Upload image to WordPress media library before final import"
"ABS-BAG-022","Finished Bags 22","Bag","Leather / PU / fabric options","Custom material and hardware matching","Retail bags, sample development and brand projects","100 pcs","Request Quote","assets/catalog/Bag/Bag (22).jpg","Upload image to WordPress media library before final import"
"ABS-BAG-023","Finished Bags 23","Bag","Leather / PU / fabric options","Custom material and hardware matching","Retail bags, sample development and brand projects","100 pcs","Request Quote","assets/catalog/Bag/Bag (23).jpg","Upload image to WordPress media library before final import"
"ABS-BAG-024","Finished Bags 24","Bag","Leather / PU / fabric options","Custom material and hardware matching","Retail bags, sample development and brand projects","100 pcs","Request Quote","assets/catalog/Bag/Bag (24).jpg","Upload image to WordPress media library before final import"
"ABS-BAG-025","Finished Bags 25","Bag","Leather / PU / fabric options","Custom material and hardware matching","Retail bags, sample development and brand projects","100 pcs","Request Quote","assets/catalog/Bag/Bag (25).jpg","Upload image to WordPress media library before final import"
"ABS-BAG-026","Finished Bags 26","Bag","Leather / PU / fabric options","Custom material and hardware matching","Retail bags, sample development and brand projects","100 pcs","Request Quote","assets/catalog/Bag/Bag (26).jpg","Upload image to WordPress media library before final import"
"ABS-BAG-027","Finished Bags 27","Bag","Leather / PU / fabric options","Custom material and hardware matching","Retail bags, sample development and brand projects","100 pcs","Request Quote","assets/catalog/Bag/Bag (27).jpg","Upload image to WordPress media library before final import"
"ABS-BAG-028","Finished Bags 28","Bag","Leather / PU / fabric options","Custom material and hardware matching","Retail bags, sample development and brand projects","100 pcs","Request Quote","assets/catalog/Bag/Bag (28).jpg","Upload image to WordPress media library before final import"
"ABS-BAG-029","Finished Bags 29","Bag","Leather / PU / fabric options","Custom material and hardware matching","Retail bags, sample development and brand projects","100 pcs","Request Quote","assets/catalog/Bag/Bag (29).jpg","Upload image to WordPress media library before final import"
"ABS-BAG-030","Finished Bags 30","Bag","Leather / PU / fabric options","Custom material and hardware matching","Retail bags, sample development and brand projects","100 pcs","Request Quote","assets/catalog/Bag/Bag (30).jpg","Upload image to WordPress media library before final import"
"ABS-HDW-001","Hardware Product 01","Hardware","Zinc alloy / brass / stainless steel","Light gold, nickel, gunmetal, antique brass","Handbags, luggage, belts and leather accessories","500 pcs","Request Quote","assets/catalog/Hardware/Hardware (1).jpg","Upload image to WordPress media library before final import"
"ABS-HDW-002","Hardware Product 02","Hardware","Zinc alloy / brass / stainless steel","Light gold, nickel, gunmetal, antique brass","Handbags, luggage, belts and leather accessories","500 pcs","Request Quote","assets/catalog/Hardware/Hardware (2).jpg","Upload image to WordPress media library before final import"
"ABS-HDW-003","Hardware Product 03","Hardware","Zinc alloy / brass / stainless steel","Light gold, nickel, gunmetal, antique brass","Handbags, luggage, belts and leather accessories","500 pcs","Request Quote","assets/catalog/Hardware/Hardware (3).jpg","Upload image to WordPress media library before final import"
"ABS-HDW-004","Hardware Product 04","Hardware","Zinc alloy / brass / stainless steel","Light gold, nickel, gunmetal, antique brass","Handbags, luggage, belts and leather accessories","500 pcs","Request Quote","assets/catalog/Hardware/Hardware (4).jpg","Upload image to WordPress media library before final import"
"ABS-HDW-005","Hardware Product 05","Hardware","Zinc alloy / brass / stainless steel","Light gold, nickel, gunmetal, antique brass","Handbags, luggage, belts and leather accessories","500 pcs","Request Quote","assets/catalog/Hardware/Hardware (5).jpg","Upload image to WordPress media library before final import"
"ABS-HDW-006","Hardware Product 06","Hardware","Zinc alloy / brass / stainless steel","Light gold, nickel, gunmetal, antique brass","Handbags, luggage, belts and leather accessories","500 pcs","Request Quote","assets/catalog/Hardware/Hardware (6).jpg","Upload image to WordPress media library before final import"
"ABS-HDW-007","Hardware Product 07","Hardware","Zinc alloy / brass / stainless steel","Light gold, nickel, gunmetal, antique brass","Handbags, luggage, belts and leather accessories","500 pcs","Request Quote","assets/catalog/Hardware/Hardware (7).jpg","Upload image to WordPress media library before final import"
"ABS-HDW-008","Hardware Product 08","Hardware","Zinc alloy / brass / stainless steel","Light gold, nickel, gunmetal, antique brass","Handbags, luggage, belts and leather accessories","500 pcs","Request Quote","assets/catalog/Hardware/Hardware (8).jpg","Upload image to WordPress media library before final import"
"ABS-HDW-009","Hardware Product 09","Hardware","Zinc alloy / brass / stainless steel","Light gold, nickel, gunmetal, antique brass","Handbags, luggage, belts and leather accessories","500 pcs","Request Quote","assets/catalog/Hardware/Hardware (9).jpg","Upload image to WordPress media library before final import"
"ABS-HDW-010","Hardware Product 10","Hardware","Zinc alloy / brass / stainless steel","Light gold, nickel, gunmetal, antique brass","Handbags, luggage, belts and leather accessories","500 pcs","Request Quote","assets/catalog/Hardware/Hardware (10).jpg","Upload image to WordPress media library before final import"
"ABS-HDW-011","Hardware Product 11","Hardware","Zinc alloy / brass / stainless steel","Light gold, nickel, gunmetal, antique brass","Handbags, luggage, belts and leather accessories","500 pcs","Request Quote","assets/catalog/Hardware/Hardware (11).jpg","Upload image to WordPress media library before final import"
"ABS-HDW-012","Hardware Product 12","Hardware","Zinc alloy / brass / stainless steel","Light gold, nickel, gunmetal, antique brass","Handbags, luggage, belts and leather accessories","500 pcs","Request Quote","assets/catalog/Hardware/Hardware (12).jpg","Upload image to WordPress media library before final import"
"ABS-HDW-013","Hardware Product 13","Hardware","Zinc alloy / brass / stainless steel","Light gold, nickel, gunmetal, antique brass","Handbags, luggage, belts and leather accessories","500 pcs","Request Quote","assets/catalog/Hardware/Hardware (13).jpg","Upload image to WordPress media library before final import"
"ABS-HDW-014","Hardware Product 14","Hardware","Zinc alloy / brass / stainless steel","Light gold, nickel, gunmetal, antique brass","Handbags, luggage, belts and leather accessories","500 pcs","Request Quote","assets/catalog/Hardware/Hardware (14).jpg","Upload image to WordPress media library before final import"
"ABS-HDW-015","Hardware Product 15","Hardware","Zinc alloy / brass / stainless steel","Light gold, nickel, gunmetal, antique brass","Handbags, luggage, belts and leather accessories","500 pcs","Request Quote","assets/catalog/Hardware/Hardware (15).jpg","Upload image to WordPress media library before final import"
"ABS-HDW-016","Hardware Product 16","Hardware","Zinc alloy / brass / stainless steel","Light gold, nickel, gunmetal, antique brass","Handbags, luggage, belts and leather accessories","500 pcs","Request Quote","assets/catalog/Hardware/Hardware (16).jpg","Upload image to WordPress media library before final import"
"ABS-HDW-017","Hardware Product 17","Hardware","Zinc alloy / brass / stainless steel","Light gold, nickel, gunmetal, antique brass","Handbags, luggage, belts and leather accessories","500 pcs","Request Quote","assets/catalog/Hardware/Hardware (17).jpg","Upload image to WordPress media library before final import"
"ABS-HDW-018","Hardware Product 18","Hardware","Zinc alloy / brass / stainless steel","Light gold, nickel, gunmetal, antique brass","Handbags, luggage, belts and leather accessories","500 pcs","Request Quote","assets/catalog/Hardware/Hardware (18).jpg","Upload image to WordPress media library before final import"
"ABS-HDW-019","Hardware Product 19","Hardware","Zinc alloy / brass / stainless steel","Light gold, nickel, gunmetal, antique brass","Handbags, luggage, belts and leather accessories","500 pcs","Request Quote","assets/catalog/Hardware/Hardware (19).jpg","Upload image to WordPress media library before final import"
"ABS-HDW-020","Hardware Product 20","Hardware","Zinc alloy / brass / stainless steel","Light gold, nickel, gunmetal, antique brass","Handbags, luggage, belts and leather accessories","500 pcs","Request Quote","assets/catalog/Hardware/Hardware (20).jpg","Upload image to WordPress media library before final import"
"ABS-LTH-001","Leather Materials 01","Leather","Genuine leather / microfiber / PU","Smooth, pebbled, matte or custom texture","Bags, belts, wallets, straps and panels","50 sq ft","Request Quote","assets/catalog/Leather/Leather (1).jpg","Upload image to WordPress media library before final import"
"ABS-LTH-002","Leather Materials 02","Leather","Genuine leather / microfiber / PU","Smooth, pebbled, matte or custom texture","Bags, belts, wallets, straps and panels","50 sq ft","Request Quote","assets/catalog/Leather/Leather (2).jpg","Upload image to WordPress media library before final import"
"ABS-LTH-003","Leather Materials 03","Leather","Genuine leather / microfiber / PU","Smooth, pebbled, matte or custom texture","Bags, belts, wallets, straps and panels","50 sq ft","Request Quote","assets/catalog/Leather/Leather (3).jpg","Upload image to WordPress media library before final import"
"ABS-LTH-004","Leather Materials 04","Leather","Genuine leather / microfiber / PU","Smooth, pebbled, matte or custom texture","Bags, belts, wallets, straps and panels","50 sq ft","Request Quote","assets/catalog/Leather/Leather (4).jpg","Upload image to WordPress media library before final import"
"ABS-LTH-005","Leather Materials 05","Leather","Genuine leather / microfiber / PU","Smooth, pebbled, matte or custom texture","Bags, belts, wallets, straps and panels","50 sq ft","Request Quote","assets/catalog/Leather/Leather (5).jpg","Upload image to WordPress media library before final import"
"ABS-LTH-006","Leather Materials 06","Leather","Genuine leather / microfiber / PU","Smooth, pebbled, matte or custom texture","Bags, belts, wallets, straps and panels","50 sq ft","Request Quote","assets/catalog/Leather/Leather (6).jpg","Upload image to WordPress media library before final import"
"ABS-LTH-007","Leather Materials 07","Leather","Genuine leather / microfiber / PU","Smooth, pebbled, matte or custom texture","Bags, belts, wallets, straps and panels","50 sq ft","Request Quote","assets/catalog/Leather/Leather (7).jpg","Upload image to WordPress media library before final import"
"ABS-LTH-008","Leather Materials 08","Leather","Genuine leather / microfiber / PU","Smooth, pebbled, matte or custom texture","Bags, belts, wallets, straps and panels","50 sq ft","Request Quote","assets/catalog/Leather/Leather (8).jpg","Upload image to WordPress media library before final import"
"ABS-LTH-009","Leather Materials 09","Leather","Genuine leather / microfiber / PU","Smooth, pebbled, matte or custom texture","Bags, belts, wallets, straps and panels","50 sq ft","Request Quote","assets/catalog/Leather/Leather (9).jpg","Upload image to WordPress media library before final import"
"ABS-LTH-010","Leather Materials 10","Leather","Genuine leather / microfiber / PU","Smooth, pebbled, matte or custom texture","Bags, belts, wallets, straps and panels","50 sq ft","Request Quote","assets/catalog/Leather/Leather (10).jpg","Upload image to WordPress media library before final import"
"ABS-LTH-011","Leather Materials 11","Leather","Genuine leather / microfiber / PU","Smooth, pebbled, matte or custom texture","Bags, belts, wallets, straps and panels","50 sq ft","Request Quote","assets/catalog/Leather/Leather (11).jpg","Upload image to WordPress media library before final import"
"ABS-LTH-012","Leather Materials 12","Leather","Genuine leather / microfiber / PU","Smooth, pebbled, matte or custom texture","Bags, belts, wallets, straps and panels","50 sq ft","Request Quote","assets/catalog/Leather/Leather (12).jpg","Upload image to WordPress media library before final import"
"ABS-LTH-013","Leather Materials 13","Leather","Genuine leather / microfiber / PU","Smooth, pebbled, matte or custom texture","Bags, belts, wallets, straps and panels","50 sq ft","Request Quote","assets/catalog/Leather/Leather (13).jpg","Upload image to WordPress media library before final import"
"ABS-LTH-014","Leather Materials 14","Leather","Genuine leather / microfiber / PU","Smooth, pebbled, matte or custom texture","Bags, belts, wallets, straps and panels","50 sq ft","Request Quote","assets/catalog/Leather/Leather (14).jpg","Upload image to WordPress media library before final import"
"ABS-LTH-015","Leather Materials 15","Leather","Genuine leather / microfiber / PU","Smooth, pebbled, matte or custom texture","Bags, belts, wallets, straps and panels","50 sq ft","Request Quote","assets/catalog/Leather/Leather (15).jpg","Upload image to WordPress media library before final import"
"ABS-LTH-016","Leather Materials 16","Leather","Genuine leather / microfiber / PU","Smooth, pebbled, matte or custom texture","Bags, belts, wallets, straps and panels","50 sq ft","Request Quote","assets/catalog/Leather/Leather (16).jpg","Upload image to WordPress media library before final import"
"ABS-LTH-017","Leather Materials 17","Leather","Genuine leather / microfiber / PU","Smooth, pebbled, matte or custom texture","Bags, belts, wallets, straps and panels","50 sq ft","Request Quote","assets/catalog/Leather/Leather (17).jpg","Upload image to WordPress media library before final import"
"ABS-LTH-018","Leather Materials 18","Leather","Genuine leather / microfiber / PU","Smooth, pebbled, matte or custom texture","Bags, belts, wallets, straps and panels","50 sq ft","Request Quote","assets/catalog/Leather/Leather (18).jpg","Upload image to WordPress media library before final import"
"ABS-LTH-019","Leather Materials 19","Leather","Genuine leather / microfiber / PU","Smooth, pebbled, matte or custom texture","Bags, belts, wallets, straps and panels","50 sq ft","Request Quote","assets/catalog/Leather/Leather (19).jpg","Upload image to WordPress media library before final import"
"ABS-LTH-020","Leather Materials 20","Leather","Genuine leather / microfiber / PU","Smooth, pebbled, matte or custom texture","Bags, belts, wallets, straps and panels","50 sq ft","Request Quote","assets/catalog/Leather/Leather (20).jpg","Upload image to WordPress media library before final import"
"ABS-TLS-001","Leather Tools 01","Tools","Steel / wood / alloy","Workshop grade finish","Cutting, punching, stitching, setting and repair","50 pcs","Request Quote","assets/catalog/Tools/Tools (1).jpg","Upload image to WordPress media library before final import"
"ABS-TLS-002","Leather Tools 02","Tools","Steel / wood / alloy","Workshop grade finish","Cutting, punching, stitching, setting and repair","50 pcs","Request Quote","assets/catalog/Tools/Tools (2).jpg","Upload image to WordPress media library before final import"
"ABS-TLS-003","Leather Tools 03","Tools","Steel / wood / alloy","Workshop grade finish","Cutting, punching, stitching, setting and repair","50 pcs","Request Quote","assets/catalog/Tools/Tools (3).jpg","Upload image to WordPress media library before final import"
"ABS-TLS-004","Leather Tools 04","Tools","Steel / wood / alloy","Workshop grade finish","Cutting, punching, stitching, setting and repair","50 pcs","Request Quote","assets/catalog/Tools/Tools (4).jpg","Upload image to WordPress media library before final import"
"ABS-TLS-005","Leather Tools 05","Tools","Steel / wood / alloy","Workshop grade finish","Cutting, punching, stitching, setting and repair","50 pcs","Request Quote","assets/catalog/Tools/Tools (5).jpg","Upload image to WordPress media library before final import"
"ABS-TLS-006","Leather Tools 06","Tools","Steel / wood / alloy","Workshop grade finish","Cutting, punching, stitching, setting and repair","50 pcs","Request Quote","assets/catalog/Tools/Tools (6).jpg","Upload image to WordPress media library before final import"
"ABS-TLS-007","Leather Tools 07","Tools","Steel / wood / alloy","Workshop grade finish","Cutting, punching, stitching, setting and repair","50 pcs","Request Quote","assets/catalog/Tools/Tools (7).jpg","Upload image to WordPress media library before final import"
"ABS-TLS-008","Leather Tools 08","Tools","Steel / wood / alloy","Workshop grade finish","Cutting, punching, stitching, setting and repair","50 pcs","Request Quote","assets/catalog/Tools/Tools (8).jpg","Upload image to WordPress media library before final import"
"ABS-TLS-009","Leather Tools 09","Tools","Steel / wood / alloy","Workshop grade finish","Cutting, punching, stitching, setting and repair","50 pcs","Request Quote","assets/catalog/Tools/Tools (9).jpg","Upload image to WordPress media library before final import"
"ABS-TLS-010","Leather Tools 10","Tools","Steel / wood / alloy","Workshop grade finish","Cutting, punching, stitching, setting and repair","50 pcs","Request Quote","assets/catalog/Tools/Tools (10).jpg","Upload image to WordPress media library before final import"
"ABS-TLS-011","Leather Tools 11","Tools","Steel / wood / alloy","Workshop grade finish","Cutting, punching, stitching, setting and repair","50 pcs","Request Quote","assets/catalog/Tools/Tools (11).jpg","Upload image to WordPress media library before final import"
"ABS-TLS-012","Leather Tools 12","Tools","Steel / wood / alloy","Workshop grade finish","Cutting, punching, stitching, setting and repair","50 pcs","Request Quote","assets/catalog/Tools/Tools (12).jpg","Upload image to WordPress media library before final import"
"ABS-TLS-013","Leather Tools 13","Tools","Steel / wood / alloy","Workshop grade finish","Cutting, punching, stitching, setting and repair","50 pcs","Request Quote","assets/catalog/Tools/Tools (13).jpg","Upload image to WordPress media library before final import"
"ABS-TLS-014","Leather Tools 14","Tools","Steel / wood / alloy","Workshop grade finish","Cutting, punching, stitching, setting and repair","50 pcs","Request Quote","assets/catalog/Tools/Tools (14).jpg","Upload image to WordPress media library before final import"
"ABS-TLS-015","Leather Tools 15","Tools","Steel / wood / alloy","Workshop grade finish","Cutting, punching, stitching, setting and repair","50 pcs","Request Quote","assets/catalog/Tools/Tools (15).jpg","Upload image to WordPress media library before final import"
"ABS-TLS-016","Leather Tools 16","Tools","Steel / wood / alloy","Workshop grade finish","Cutting, punching, stitching, setting and repair","50 pcs","Request Quote","assets/catalog/Tools/Tools (16).jpg","Upload image to WordPress media library before final import"
"ABS-TLS-017","Leather Tools 17","Tools","Steel / wood / alloy","Workshop grade finish","Cutting, punching, stitching, setting and repair","50 pcs","Request Quote","assets/catalog/Tools/Tools (17).jpg","Upload image to WordPress media library before final import"
"ABS-TLS-018","Leather Tools 18","Tools","Steel / wood / alloy","Workshop grade finish","Cutting, punching, stitching, setting and repair","50 pcs","Request Quote","assets/catalog/Tools/Tools (18).jpg","Upload image to WordPress media library before final import"
"ABS-TLS-019","Leather Tools 19","Tools","Steel / wood / alloy","Workshop grade finish","Cutting, punching, stitching, setting and repair","50 pcs","Request Quote","assets/catalog/Tools/Tools (19).jpg","Upload image to WordPress media library before final import"
"ABS-TLS-020","Leather Tools 20","Tools","Steel / wood / alloy","Workshop grade finish","Cutting, punching, stitching, setting and repair","50 pcs","Request Quote","assets/catalog/Tools/Tools (20).jpg","Upload image to WordPress media library before final import"
"ABS-ZIP-001","Zippers 01","Zipper","Metal / nylon / resin / alloy puller","Gold, nickel, antique brass, matte black","Handbags, luggage, wallets, backpacks and apparel","1000 sets","Request Quote","assets/catalog/Zipper/Zipper (1).jpg","Upload image to WordPress media library before final import"
"ABS-ZIP-002","Zippers 02","Zipper","Metal / nylon / resin / alloy puller","Gold, nickel, antique brass, matte black","Handbags, luggage, wallets, backpacks and apparel","1000 sets","Request Quote","assets/catalog/Zipper/Zipper (2).jpg","Upload image to WordPress media library before final import"
"ABS-ZIP-003","Zippers 03","Zipper","Metal / nylon / resin / alloy puller","Gold, nickel, antique brass, matte black","Handbags, luggage, wallets, backpacks and apparel","1000 sets","Request Quote","assets/catalog/Zipper/Zipper (3).jpg","Upload image to WordPress media library before final import"
"ABS-ZIP-004","Zippers 04","Zipper","Metal / nylon / resin / alloy puller","Gold, nickel, antique brass, matte black","Handbags, luggage, wallets, backpacks and apparel","1000 sets","Request Quote","assets/catalog/Zipper/Zipper (4).jpg","Upload image to WordPress media library before final import"
"ABS-ZIP-005","Zippers 05","Zipper","Metal / nylon / resin / alloy puller","Gold, nickel, antique brass, matte black","Handbags, luggage, wallets, backpacks and apparel","1000 sets","Request Quote","assets/catalog/Zipper/Zipper (5).jpg","Upload image to WordPress media library before final import"
"ABS-ZIP-006","Zippers 06","Zipper","Metal / nylon / resin / alloy puller","Gold, nickel, antique brass, matte black","Handbags, luggage, wallets, backpacks and apparel","1000 sets","Request Quote","assets/catalog/Zipper/Zipper (6).jpg","Upload image to WordPress media library before final import"
"ABS-ZIP-007","Zippers 07","Zipper","Metal / nylon / resin / alloy puller","Gold, nickel, antique brass, matte black","Handbags, luggage, wallets, backpacks and apparel","1000 sets","Request Quote","assets/catalog/Zipper/Zipper (7).jpg","Upload image to WordPress media library before final import"
"ABS-ZIP-008","Zippers 08","Zipper","Metal / nylon / resin / alloy puller","Gold, nickel, antique brass, matte black","Handbags, luggage, wallets, backpacks and apparel","1000 sets","Request Quote","assets/catalog/Zipper/Zipper (8).jpg","Upload image to WordPress media library before final import"
"ABS-ZIP-009","Zippers 09","Zipper","Metal / nylon / resin / alloy puller","Gold, nickel, antique brass, matte black","Handbags, luggage, wallets, backpacks and apparel","1000 sets","Request Quote","assets/catalog/Zipper/Zipper (9).jpg","Upload image to WordPress media library before final import"
"ABS-ZIP-010","Zippers 10","Zipper","Metal / nylon / resin / alloy puller","Gold, nickel, antique brass, matte black","Handbags, luggage, wallets, backpacks and apparel","1000 sets","Request Quote","assets/catalog/Zipper/Zipper (10).jpg","Upload image to WordPress media library before final import"
"ABS-ZIP-011","Zippers 11","Zipper","Metal / nylon / resin / alloy puller","Gold, nickel, antique brass, matte black","Handbags, luggage, wallets, backpacks and apparel","1000 sets","Request Quote","assets/catalog/Zipper/Zipper (11).jpg","Upload image to WordPress media library before final import"
"ABS-ZIP-012","Zippers 12","Zipper","Metal / nylon / resin / alloy puller","Gold, nickel, antique brass, matte black","Handbags, luggage, wallets, backpacks and apparel","1000 sets","Request Quote","assets/catalog/Zipper/Zipper (12).jpg","Upload image to WordPress media library before final import"
"ABS-ZIP-013","Zippers 13","Zipper","Metal / nylon / resin / alloy puller","Gold, nickel, antique brass, matte black","Handbags, luggage, wallets, backpacks and apparel","1000 sets","Request Quote","assets/catalog/Zipper/Zipper (13).jpg","Upload image to WordPress media library before final import"
"ABS-ZIP-014","Zippers 14","Zipper","Metal / nylon / resin / alloy puller","Gold, nickel, antique brass, matte black","Handbags, luggage, wallets, backpacks and apparel","1000 sets","Request Quote","assets/catalog/Zipper/Zipper (14).jpg","Upload image to WordPress media library before final import"
"ABS-ZIP-015","Zippers 15","Zipper","Metal / nylon / resin / alloy puller","Gold, nickel, antique brass, matte black","Handbags, luggage, wallets, backpacks and apparel","1000 sets","Request Quote","assets/catalog/Zipper/Zipper (15).jpg","Upload image to WordPress media library before final import"
"ABS-ZIP-016","Zippers 16","Zipper","Metal / nylon / resin / alloy puller","Gold, nickel, antique brass, matte black","Handbags, luggage, wallets, backpacks and apparel","1000 sets","Request Quote","assets/catalog/Zipper/Zipper (16).jpg","Upload image to WordPress media library before final import"
"ABS-ZIP-017","Zippers 17","Zipper","Metal / nylon / resin / alloy puller","Gold, nickel, antique brass, matte black","Handbags, luggage, wallets, backpacks and apparel","1000 sets","Request Quote","assets/catalog/Zipper/Zipper (17).jpg","Upload image to WordPress media library before final import"
"ABS-ZIP-018","Zippers 18","Zipper","Metal / nylon / resin / alloy puller","Gold, nickel, antique brass, matte black","Handbags, luggage, wallets, backpacks and apparel","1000 sets","Request Quote","assets/catalog/Zipper/Zipper (18).jpg","Upload image to WordPress media library before final import"
"ABS-ZIP-019","Zippers 19","Zipper","Metal / nylon / resin / alloy puller","Gold, nickel, antique brass, matte black","Handbags, luggage, wallets, backpacks and apparel","1000 sets","Request Quote","assets/catalog/Zipper/Zipper (19).jpg","Upload image to WordPress media library before final import"
"ABS-ZIP-020","Zippers 20","Zipper","Metal / nylon / resin / alloy puller","Gold, nickel, antique brass, matte black","Handbags, luggage, wallets, backpacks and apparel","1000 sets","Request Quote","assets/catalog/Zipper/Zipper (20).jpg","Upload image to WordPress media library before final import"
